{"cameraMode":{"drawMode":0,"name":"Shaded","section":"Shading Mode"},"sceneLighting":false,"audioPlay":false,"sceneViewState":{"showFog":false,"showMaterialUpdate":false,"showSkybox":false,"showFlares":false,"showImageEffects":false,"showParticleSystems":false},"in2DMode":false,"pivot":{"x":203.8035430908203,"y":411.52764892578127,"z":0.0},"rotation":{"x":0.041486870497465137,"y":0.5871561765670776,"z":-0.030153218656778337,"w":0.8078506588935852},"size":1539.4837646484375,"orthographic":false}